No,height,weight
1,167.0896074,51.252494060000004
2,181.6486334,61.9095473816
3,176.2727996,69.41177762480001
4,173.270164,64.5621987568
5,172.18103739999998,65.4520101832
6,174.4925136,55.9289822208
7,177.29718160000002,64.1808639624
8,177.83738879999999,61.8982075816
9,172.47273099999998,50.971176301599996
10,169.6271944,54.733676582399994
11,168.8787326,57.811026147199996
12,171.7632582,51.774351656
13,173.4882992,56.976008634399996
14,170.47606240000002,55.5476927856
15,173.4303618,52.6559530672
16,180.572664,63.50174602
17,168.81094,58.741207261599996
18,174.3691458,64.8515450936
19,180.9250382,62.55147078
20,170.5131972,56.265774280799995
21,172.29782659999998,64.0837952744
22,174.9521774,65.1082328064
23,161.242121,44.40752316072
24,173.79154979999998,58.7413886984
25,171.7752216,64.3420705592
26,170.7099456,58.8419500448
27,179.939569,64.602160212
28,171.43562359999999,59.67011831839999
29,168.99638539999998,49.1387099808
30,166.2200892,51.6605907824
31,176.58918200000002,46.856779347199996
32,167.165528,54.7728669312
33,172.253402,57.0567026512
34,179.311427,61.78943622
35,182.3842936,63.548919588
36,175.7835702,58.39938033040001
37,169.6813472,64.3190734448
38,171.8536822,54.9898199848
39,172.2298054,59.5783112976
40,162.675189,48.403482708
41,174.1795602,56.4086104016
42,165.56626780000002,56.6350888872
43,176.9316756,63.3536935912
44,172.6369674,62.3097516032
45,167.5914352,48.2848230408
46,174.4281246,58.4062749288
47,169.8774352,66.08096085039999
48,171.95464719999998,52.988163848
49,177.3457718,65.145563428
50,175.48395180000003,61.20430254
51,177.58356659999998,66.6879576648
52,171.02282279999997,57.301596972
53,178.4842506,56.918493168800005
54,175.52273760000003,52.484404572799995
55,166.0742424,56.0137132064
56,178.2685538,67.0829002192
57,178.8316718,70.7144031304
58,169.0211504,58.093432526399994
59,168.56501720000003,54.1453223992
60,171.54398,60.6973227616
61,168.9206172,58.39203213999999
62,175.2589332,62.3894477176
63,173.491017,58.858279356800004
64,170.21187700000002,58.433535808
65,179.8470368,61.378481867999994
66,173.2775554,49.7188087896
67,175.4102156,64.6225264928
68,172.0368162,60.213884408
69,170.7278272,46.95924578
70,171.1137802,56.5764848008
71,165.7866382,58.6556598104
72,179.94066120000002,60.78926586000001
73,177.6080268,63.68291066479999
74,163.28410319999998,46.6451786792
75,173.342808,58.2962788688
76,168.5469832,54.5667093672
77,173.641385,62.8694841312
78,166.311326,60.3084129808
79,177.0874538,52.4458038936
80,172.0228716,55.575906208
81,174.3441014,61.0650044368
82,169.631487,55.2922297712
83,177.93073379999998,70.4776281064
84,168.3473392,58.4869689456
85,175.77302920000002,58.5593168696
86,175.6024174,63.26397309359999
87,171.10547440000002,63.9066222392
88,178.0361438,59.6888970272
89,178.248564,54.940514534399995
90,173.2929224,59.6531086184
91,173.0484728,61.9370350568
92,178.4161024,64.1785506432
93,181.57830080000002,63.7797525568
94,175.7801158,50.8663965496
95,177.96017239999998,60.535027543999995
96,179.21485619999999,59.783470959199995
97,168.3675576,54.443967371999996
98,161.1014558,55.8359051424
99,169.5884594,58.1247303744
100,174.9740214,52.3789444328
101,164.78082360000002,46.308431978399994
102,170.4155088,59.127077976
103,173.60292940000002,60.8648796464
104,166.6512542,44.742918157359995
105,172.0989954,51.9634541608
106,172.773848,56.0148471864
107,171.8613022,55.813588416
108,168.439084,57.3690461024
109,176.37013240000002,58.248923864
110,162.1440496,57.6942262072
111,172.0158358,55.3637158704
112,177.92948919999998,57.881242188799995
113,178.2724908,59.711894141600006
114,167.5025352,50.754903636
115,177.81778000000003,55.355914088
116,174.27267659999998,58.3113834824
117,174.7727518,60.1822236864
118,177.19578479999998,61.717179014399996
119,166.25669059999998,52.5895925576
120,174.8163636,62.0986045272
121,167.13276199999999,54.3767903968
122,170.72543960000002,49.444022755999995
123,176.3273334,58.182472636
124,175.1176584,61.367051349600004
125,172.57141000000001,48.4689360336
126,166.68765240000002,55.9251266888
127,168.9000178,49.6748103656
128,172.5373486,54.1174718504
129,174.991141,63.611832798399995
130,178.41214,60.774115887200004
131,173.39622419999998,60.1375448744
132,180.9282894,59.283930089600005
133,175.50757380000002,52.4187698104
134,163.5682022,56.1520134072
135,180.583459,58.124503578399995
136,173.27544720000003,61.67245484319999
137,167.4297134,52.9012102616
138,171.289726,57.5263971672
139,187.70871780000002,68.6698825496
140,177.7529846,59.149394702399995
141,176.5772948,61.7823148256
142,165.5682998,51.4368338488
143,172.7420726,56.8480956904
144,173.579536,57.871353883199994
145,165.56779179999998,48.6052857888
146,173.38570860000002,52.8247800096
147,174.16437100000002,60.708843998400006
148,163.82174500000002,51.2060462392
149,174.5247462,59.3102384256
150,174.9843592,62.485518503200005
151,176.6318794,56.8820697312
152,171.19508560000003,62.8070245128
153,168.84703340000002,54.8022596928
154,167.6709118,63.5726878088
155,184.0086236,62.0240340024
156,162.8811068,48.1324161288
157,180.2920448,72.1012606704
158,171.4531496,49.3448221856
159,182.918481,62.9475926736
160,165.8910322,52.5774816512
161,170.3707286,66.3569715824
162,163.5543592,49.839101387999996
163,176.1998762,63.071922240800006
164,173.6831934,54.3857261592
165,165.8878572,58.1989833848
166,170.527726,57.7163161376
167,173.7224872,52.267678315199994
168,168.381172,56.60714762
169,170.653964,57.584003351199996
170,167.61856240000003,50.4716807912
171,176.3621822,55.614416168800005
172,172.65556020000002,56.3399365728
173,172.1137782,56.5381109176
174,165.8077456,54.2119097048
175,187.5374456,63.1845944936
176,169.7053248,47.548461788
177,169.9110394,55.8110483008
178,166.96862720000001,53.9285961416
179,167.5963882,55.1086610888
180,169.12325840000003,54.090301689600004
181,170.4668676,61.245760848799996
182,167.3220174,52.720090975999994
183,169.6229018,49.5200447752
184,174.5888558,56.346876530399996
185,168.2157164,64.031087884
186,167.53758720000002,58.581452159200005
187,174.2026488,58.0004915256
188,169.14741379999998,54.850340444800004
189,170.0929796,57.8994765872
190,172.923581,46.0256627256
191,178.28323500000002,65.7675287784
192,166.4245846,50.3270756616
193,171.345987,60.265367100000006
194,171.221019,66.377972892
195,176.9404132,66.0381871248
196,167.12689459999999,54.813463415200005
197,167.90817320000002,52.5174714296
198,173.3292698,58.1967154248
199,172.7810362,57.8201887056
200,181.3317176,58.0035759512
201,166.958264,55.1112919224
202,168.74129320000003,51.1265315616
203,177.83324860000002,61.235827184
204,176.48290839999999,58.3677196088
205,174.3142056,56.4296570704
206,173.641385,63.514673392000006
207,173.7113112,53.305678248
208,174.6862902,65.25995933040001
209,177.605944,64.0337187176
210,181.7507668,70.73377150879999
211,173.8570056,60.785546405599995
212,169.4535092,59.011185219999994
213,169.3776902,48.183490588
214,172.5599546,50.8244846488
215,175.002317,61.7739687328
216,170.9214514,59.527599712
217,176.7131848,59.567107575200005
218,171.8939666,54.2160827512
219,175.36553700000002,53.068676427999996
220,172.637831,62.834058596
221,167.23314280000002,49.7371792656
222,167.0631152,59.038128584800006
223,180.69829239999999,62.1926341488
224,172.28959700000001,51.600172328
225,165.276022,52.15060622
226,177.05692299999998,57.9304569208
227,177.6217682,55.3369539424
228,167.9338526,53.5060298344
229,174.2786456,57.9300940472
230,175.253904,53.5065741448
231,169.6509434,56.7694881968
232,172.7800202,64.00301053919999
233,176.9683532,65.9895620624
234,182.42732120000002,52.64615548
235,184.77677039999998,61.5732089136
236,170.88995540000002,60.2936258816
237,171.221781,52.4634486224
238,174.07001,51.8539116928
239,173.9170004,67.563435584
240,174.0374218,64.49524857760001
241,161.86223660000002,60.82850156800001
242,171.9702682,64.3613482192
243,176.456721,62.9333498848
244,169.42302920000003,60.984990808000006
245,165.68740040000003,53.077838986399996
246,177.53261419999998,52.4693453184
247,177.36941919999998,61.139892476
248,166.110666,54.6916739632
249,173.5382356,54.468914932
250,167.484933,38.264930401600004
251,178.049047,63.021800324800004
252,167.78048740000003,65.101565004
253,173.3164174,55.8529148424
254,165.6526532,52.4017147512
255,175.67079420000002,54.877555964799996
256,171.7056256,54.7246501016
257,170.9069734,56.261374438400004
258,169.7818042,53.1717778896
259,172.93033739999998,58.0415416016
260,169.08757139999997,52.9580906984
261,178.2311142,55.3362735544
262,172.3418702,56.243230758399996
263,169.2226486,49.37575716
264,161.76792640000002,47.471759380799995
265,172.810424,59.98663481599999
266,170.03014000000002,57.6893727728
267,168.30781679999998,56.7538392728
268,179.654454,60.473792624
269,179.5994376,55.4908123488
270,186.1025488,59.0865268512
271,162.0271334,52.953736215199996
272,172.31636859999998,57.0860954128
273,172.1626732,45.643602183999995
274,170.7870854,53.748157244
275,169.56280539999997,62.19902979599999
276,175.3386892,53.8409621672
277,174.05736080000003,56.3198424472
278,164.2216426,56.6736895664
279,165.463093,57.3289939288
280,169.52274960000003,55.122994596
281,170.1780442,60.4615909992
282,178.4759194,57.7908866624
283,171.64471640000002,56.73528736
284,168.4167828,46.6344285488
285,175.0238308,60.8816625504
286,166.6377922,45.801815073600004
287,172.7248006,66.1739018512
288,177.640361,70.4449241232
289,178.170586,62.92114826
290,169.3256456,52.7351048712
291,176.2931704,54.7071414504
292,169.6871892,51.8946896136
293,171.9592192,60.4822294352
294,175.6013252,42.0704538836
295,171.5457326,59.775487739999996
296,167.07896480000002,53.699169308
297,168.2945326,59.4870485872
298,171.17156519999997,59.0591752536
299,164.9559058,58.5966474912
300,175.9127546,64.929200044
301,175.4565706,62.927135674400006
302,176.8958362,59.3991424576
303,175.455707,56.3829370944
304,172.75312160000001,61.402839758400006
305,174.8958656,56.3355820896
306,160.5066132,50.4570751288
307,166.5628114,58.696483090399994
308,175.5673654,57.9438378848
309,177.260631,55.034816311200004
310,171.4043562,53.6228751336
311,175.48374859999998,55.9478970072
312,174.12436599999998,68.9059771856
313,173.2617058,52.3040563936
314,170.437048,55.512584764799996
315,180.9409894,58.6187374216
316,175.56342840000002,62.7237903808
317,166.3661392,65.342875948
318,169.13113239999998,54.8157767344
319,172.7157074,51.3935158128
320,184.34677380000002,67.7315821384
321,172.658659,59.25603418160001
322,169.2236138,55.513764103999996
323,170.93117959999998,60.72131777840001
324,167.5371554,61.159442291199994
325,169.0118794,62.5214429896
326,172.9161642,51.1112908704
327,167.2155914,54.9737174688
328,175.8625134,52.1296049104
329,164.3230902,50.0657613104
330,175.8028488,57.1678780504
331,170.60651679999998,53.8417332736
332,172.330618,54.1184243936
333,175.9556806,68.37432200239999
334,172.47989379999999,54.9364322064
335,170.37303999999997,53.708241148
336,177.8388874,64.754340328
337,177.9385316,66.056829756
338,180.00253560000002,57.76153926
339,167.788844,52.6020663376
340,165.703123,47.375008207200004
341,174.602902,62.818182876
342,176.57942839999998,65.9998586008
343,178.5814056,56.429793147999995
344,170.9415428,56.3300482672
345,171.71878279999999,57.2278429128
346,172.3533764,62.9642395
347,168.8220144,55.134787988
348,175.0586034,51.825380756
349,173.91090440000002,58.695802702399995
350,176.579022,62.3953444136
351,178.4084824,61.0079425632
352,172.3555354,57.9283703976
353,172.731049,52.4673948728
354,170.53516820000002,59.6884434352
355,172.97224740000001,57.8710363688
356,175.2365558,57.0260851912
357,176.08849719999998,54.425823692
358,178.0358644,63.8964164192
359,174.60732159999998,62.1041837088
360,163.03327819999998,53.7397204328
361,167.87047959999998,58.763569347200004
362,175.8802172,68.97837046880001
363,176.9494048,54.8232156432
364,173.8051134,61.7350958984
365,173.4467702,58.99467447120001
366,176.2171736,59.771768285600004
367,173.617001,63.22165296
368,183.7052206,76.307328568
369,178.7438386,57.8985694032
370,166.9523458,59.783788473600005
371,168.9005258,55.7265441112
372,179.8660106,63.5996311736
373,171.13450659999998,64.7243578968
374,172.2046086,62.3371032008
375,173.12817800000002,57.170372806399996
376,174.89886280000002,65.135130812
377,171.9920868,55.61945104
378,164.23657780000002,49.2620870048
379,166.97251340000003,45.659341826399995
380,173.79800139999998,52.6800388024
381,174.9792284,63.7429662456
382,173.41512179999998,57.012295994400006
383,175.71834299999998,60.9323287768
384,184.4292984,61.8993869208
385,167.74558779999998,58.0063428624
386,175.84115200000002,55.8535498712
387,174.9475038,52.769759300000004
388,168.8094668,56.4985576952
389,176.0332776,57.0552057976
390,171.65952460000003,48.802190076
391,176.3221264,64.87436077119999
392,171.3704218,53.861056292799994
393,168.7797742,53.970916275200004
394,174.65509899999998,59.817172844800005
395,161.9727774,54.1448688072
396,175.3530402,57.2080663016
397,168.8837364,57.4302810224
398,169.52528959999998,51.5097714424
399,171.9426076,52.5446869496
400,169.3942764,59.091153489599996
401,170.25307579999998,56.9050214864
402,167.4138384,53.145333476
403,177.877216,62.2865276928
404,175.9452412,67.78692036240001
405,177.995453,68.523916644
406,164.8699268,53.06999184479999
407,177.0060976,62.676752890399996
408,171.6157096,57.887864631999996
409,162.19243659999998,54.7718690288
410,181.912006,65.4323242904
411,165.07442220000001,47.9872666888
412,164.1032786,54.5021178664
413,157.5223164,49.4799926016
414,165.8243064,57.139437832
415,171.9621402,50.00058014
416,179.9791676,60.9947883952
417,173.153705,52.3929150664
418,171.3231524,56.748260091199995
419,180.44728960000003,52.8032343896
420,172.2890128,60.506632684799996
421,170.57339520000002,49.3271320976
422,173.48934060000002,60.9621297712
423,166.1466832,59.515125932
424,174.415577,59.344257825599996
425,177.9710182,57.6441950096
426,175.6006902,54.1619238664
427,170.2327812,47.881897267199996
428,166.4277596,60.9960130936
429,178.30312320000002,60.186986402399995
430,171.8783964,57.178900336000005
431,177.1207278,57.312800694399996
432,171.74766259999998,64.5734931976
433,179.8215606,56.5118025816
434,176.9314216,55.5016985568
435,169.50123580000002,55.8960514416
436,171.65340319999999,59.6042114008
437,165.7430518,56.3831638904
438,179.6132298,58.2337738912
439,181.0352996,62.075425976000005
440,169.0601902,53.5496653848
441,172.8278738,55.1100218648
442,173.0171546,54.1049527112
443,180.941218,57.404108764
444,169.98662979999997,58.6257227384
445,180.60367739999998,61.1353111968
446,176.3132364,66.25731741999999
447,175.6868978,73.6682849528
448,174.18621500000003,59.052462092
449,176.792001,59.9621862072
450,175.3892098,57.8144280872
451,173.4489546,56.8562149872
452,175.9020104,61.124198192799994
453,173.3260948,55.310781684
454,171.924472,57.002362329600004
455,174.85570819999998,66.204473952
456,176.58234940000003,54.395070154399995
457,170.12076720000002,50.5797264056
458,182.89346200000003,62.902324191999995
459,171.3098428,61.241769239199996
460,167.7978356,52.847550328
461,166.559738,56.22613034
462,173.4863434,62.120331584
463,180.4061162,69.4357272824
464,179.7528028,57.314524344
465,171.47062480000002,65.7986905488
466,176.5537744,61.3137996488
467,168.77157,49.353531151999995
468,174.165006,50.128946676
469,170.2129184,62.71748545199999
470,174.4981016,54.2092788712
471,173.30453020000002,52.308864468799996
472,178.8341102,60.0412472928
473,166.8777206,42.63509881296
474,166.88587400000003,57.7899341192
475,173.940597,60.9184942208
476,169.23743140000002,56.6863447832
477,169.780839,56.278066624
478,177.5392436,60.576122979199994
479,171.841922,60.849775032800004
480,173.50529179999998,59.079859048799996
481,177.1611392,62.638106852
482,174.1908124,57.427650188799994
483,173.08771579999998,59.786872899200006
484,172.6715622,59.7545317896
485,164.656389,53.3542579512
486,175.787939,57.2407249256
487,175.934624,57.838967414399995
488,180.18836199999998,64.627107772
489,175.4587804,63.250682848
490,168.15264820000002,50.0404508768
491,180.4867866,59.853324127200004
492,175.2471222,58.6057646904
493,180.2406606,56.4047548696
494,167.7033984,57.390773159199995
495,177.454814,67.6896702376
496,169.7431708,64.48159545840001
497,175.4993696,57.6713198112
498,169.70819500000002,55.4903133976
499,170.5148482,51.104350912799994
500,164.0186712,60.9013938024
501,174.4481652,54.7456514112
502,171.5445896,52.518242536
503,180.79039279999998,58.37071331599999
504,179.1592556,61.1265568712
505,181.6966394,53.678939104799994
506,169.6034454,48.1513762744
507,168.4943544,57.3260002216
508,164.670613,51.8780427872
509,173.69147379999998,59.09337609039999
510,172.8479652,55.9308873072
511,175.49238459999998,55.7269977032
512,177.5725684,57.013429974400005
513,173.7547198,50.6774301224
514,173.54699860000002,56.949201347199995
515,170.06709700000002,54.4175229584
516,179.19232639999998,60.148249645599996
517,176.220247,60.1797742896
518,171.5011048,53.2753329432
519,164.7734068,46.2005678008
520,175.6002584,58.2601729456
521,174.7822768,60.8001067088
522,171.61372839999999,57.9468769512
523,173.1460088,57.8861409824
524,167.1494498,63.2294093832
525,164.9038104,51.681410655200004
526,173.6238336,66.9133475296
527,169.45726839999998,60.1700220616
528,175.72217840000002,60.24332252879999
529,167.35539300000002,47.6698883664
530,167.7348182,57.8414621704
531,176.3825276,59.298308956
532,170.55711380000002,58.323539748
533,166.8638268,55.5967260808
534,176.3451642,71.3482525912
535,169.0243762,54.9343910424
536,175.3735126,66.9075869112
537,171.75571440000002,53.293884856
538,176.761267,60.0769903424
539,173.0335122,53.604323220800005
540,180.91508140000002,56.123799984799994
541,168.739439,59.132521080000004
542,168.4479232,55.7411044144
543,172.78918960000001,48.928651525599996
544,173.450504,53.791928872
545,169.9668686,56.9923379464
546,182.3096684,67.4044969472
547,167.755189,68.165352168
548,175.296957,57.636937537600005
549,174.51689760000002,58.3828242224
550,165.13048,53.715861493599995
551,167.78876780000002,56.8749483368
552,180.7566362,67.7065892192
553,171.58395960000001,48.6923754528
554,174.839757,60.6448875264
555,173.01999940000002,56.631324073600005
556,172.47941120000002,51.121088457599996
557,171.807759,57.987518794399996
558,177.2483628,60.85458310799999
559,172.7171806,62.869257335200004
560,176.313211,57.172550048
561,178.8919206,58.7789914752
562,171.8949826,60.8291365968
563,172.4161144,48.1374963592
564,172.895387,57.6316305112
565,170.165649,55.3037963672
566,181.8053006,68.372870508
567,163.4887256,52.6194389112
568,172.5424794,56.9143654816
569,177.5933202,59.6971977608
570,177.64414560000003,58.5449380032
571,169.66605639999997,58.564034226400004
572,178.08242259999997,67.20527934079999
573,175.1282756,47.803153696
574,172.79330439999998,50.1421915624
575,176.1781592,53.8142455984
576,173.86010439999998,55.7079468392
577,166.88516280000002,56.647744104
578,176.6741196,61.583959044
579,167.249729,52.8236460296
580,174.7515682,56.8630642264
581,175.357409,60.383074224000005
582,171.10334079999998,62.7466514176
583,178.70901519999998,56.4709339424
584,177.5162312,62.01532503599999
585,165.4891026,52.1700199576
586,176.2990378,60.16290066719999
587,174.0121996,64.92366622159999
588,166.9174208,61.1179839824
589,162.5170232,55.6215375632
590,177.99519899999999,69.6551297328
591,173.8005668,57.283680088
592,173.321091,61.10818639519999
593,172.2845424,61.052893530400006
594,168.43443580000002,53.702798044
595,177.1682512,55.0205735224
596,166.90088540000002,60.0031455648
597,169.8809658,63.0772746264
598,170.888914,50.211727216
599,179.4092678,69.9018384216
600,177.641758,56.3176198464
601,167.3268434,61.015971141600005
602,184.0152276,62.714627822400004
603,177.9791208,67.6215407192
604,171.9195444,57.609585939999995
605,167.932354,53.443207342399994
606,177.656617,67.5442032832
607,173.33765180000003,58.1573436392
608,174.7556576,58.8283422848
609,169.2101772,56.9563681008
610,178.2750054,58.420245562400005
611,166.5978634,56.330229704
612,174.4869764,68.6814037864
613,164.81143060000002,48.5254082376
614,177.3426222,66.0530195832
615,168.50263479999998,55.1534306192
616,178.926236,59.392701451200004
617,177.77874020000002,61.51628311759999
618,178.1458718,56.214336947999996
619,170.635422,59.872102835999996
620,173.236636,53.289802527999996
621,172.1134734,58.8116954584
622,164.58572619999998,55.5063251952
623,168.85592340000002,51.975610426399996
624,170.1377598,52.8616570392
625,166.8777714,63.2446500744
626,169.74070700000001,56.0105380624
627,168.5325814,60.12325672640001
628,178.1426714,65.0456824696
629,178.093751,60.3018358968
630,163.98608299999998,44.8589787424
631,173.1193896,55.535173646400004
632,170.55464999999998,47.4805137064
633,180.0587458,64.7659976424
634,173.1319372,59.388029453600005
635,180.8392878,65.238776584
636,172.52807760000002,64.5385212544
637,165.8671816,48.962580207200006
638,168.67520240000002,47.939730247199996
639,181.11843380000002,56.8807543144
640,175.41232380000002,48.271033844
641,167.5242268,53.7674802632
642,176.8799104,62.043946691200006
643,180.606573,66.1939506176
644,168.1950154,58.802306104
645,167.98211260000002,49.212690836
646,172.17415400000002,54.999708290399994
647,169.3605198,61.5705327208
648,177.7849632,62.3700793392
649,180.70601399999998,56.2477666784
650,174.3437458,58.4504547896
651,175.4771192,60.63667751119999
652,172.6536806,48.315939452
653,167.5081486,51.2739489616
654,167.69339079999997,57.1362173288
655,180.9388304,63.636462844
656,171.5179196,64.967528568
657,180.516149,66.1365712296
658,173.41032120000003,58.1367505624
659,170.9910728,60.864743568799994
660,175.2307392,63.6011280272
661,173.74616,66.3810573176
662,170.41368,59.909705612799996
663,169.59239639999998,55.397190959999996
664,166.74175440000002,59.6334227256
665,165.966267,58.747738986399995
666,173.1847946,57.0369713992
667,179.4744696,69.46235313279999
668,167.49778540000003,56.4975597928
669,176.8549168,61.15440742
670,173.481111,52.338937618399996
671,177.954305,53.5065287856
672,173.8274908,56.5015514024
673,175.94610480000003,60.964715245600004
674,171.9709794,58.6536186464
675,180.06860100000003,60.3922821416
676,179.17955020000002,66.8417253528
677,181.8153844,70.31274741440001
678,173.79444540000003,57.284360475999996
679,176.1688374,60.990207116
680,178.9303,60.794754323199996
681,171.1490862,58.4792578816
682,171.4694818,55.816446045599996
683,174.0421716,50.8834062496
684,169.69379320000002,50.686320525599996
685,183.85871279999998,67.340948708
686,174.0317068,62.0268462728
687,179.82669140000002,60.421538825599995
688,168.196387,53.018327715999995
689,173.5116418,56.6328662864
690,170.61560999999998,55.1481235928
691,172.139356,55.881173624
692,171.3821312,62.19902979599999
693,172.14756020000002,55.1087518072
694,175.7705146,68.4650857616
695,177.90914379999998,64.54654983280001
696,179.2472666,61.1227466984
697,168.7926266,60.581067132
698,171.9105528,61.729108483999994
699,167.0212052,43.18293815872
700,176.161446,54.313287516799996
701,179.299108,69.3608392432
702,170.8817004,63.59319016719999
703,173.9608662,65.8843740776
704,170.2355752,54.197666916
705,167.0713702,56.024055104
706,167.5531066,50.201476036799995
707,173.1992472,50.573285399199996
708,183.098313,63.2692347608
709,169.80809319999997,60.36765209599999
710,175.5375966,60.5634224032
711,164.060886,51.1514791216
712,170.27776459999998,56.60714762
713,175.2385624,55.9834132608
714,179.3207488,64.45183982319999
715,178.02829519999997,52.7443127888
716,166.83837599999998,59.4775231552
717,170.42942800000003,59.5336324856
718,167.7398728,57.716043982399995
719,175.9311442,55.5433836616
720,169.1983154,52.2733482152
721,173.0181452,57.5849558944
722,177.11569860000003,65.06500548880001
723,162.6118668,56.870004183999995
724,168.2433262,49.445837124
725,184.0677294,63.15864903119999
726,168.1972252,46.348937744
727,181.096412,65.49405816160001
728,160.33877,37.686813789839995
729,180.16306360000002,65.9494645296
730,173.3674206,61.201671706400006
731,164.5415556,61.088863376
732,166.19174280000001,50.5738297096
733,175.0405694,54.3380989992
734,165.0221998,43.41068670192
735,168.0270198,53.142385128
736,167.5990044,57.713050275200004
737,175.87849,65.734779436
738,173.5323428,55.7221442688
739,178.0948178,60.86751048
740,174.33343340000002,56.688839539199996
741,172.0669406,61.6177970072
742,164.0494814,54.803983342399995
743,164.240591,56.706892500799995
744,167.40558339999998,60.576032260800005
745,167.0722846,56.4986484136
746,170.562524,61.6744960072
747,183.49821060000002,65.1239270896
748,174.57925459999998,59.22664141999999
749,171.6282826,57.693273663999996
750,178.7203436,64.0640640224
751,161.6007182,48.726485571199994
752,168.1660594,55.484915652800005
753,168.20169560000002,50.623361956000004
754,177.983388,62.546481268
755,176.92700200000002,64.8065941264
756,168.2760922,51.906755160799996
757,172.898816,58.18387877119999
758,170.55612319999997,61.041009419999995
759,174.6658686,63.549781412799994
760,173.026705,55.327791384
761,166.9538698,50.5413978816
762,175.7029506,61.2692115552
763,178.72331540000002,60.3198434992
764,179.79534780000003,53.413451707200004
765,180.0373082,61.2293408184
766,169.21855920000002,68.7700356632
767,177.756566,58.481026890399995
768,169.99879639999997,54.502480739999996
769,181.50347240000002,56.9714727144
770,176.94513759999998,57.9823024864
771,176.04595220000002,61.7499283568
772,169.158285,52.7455374872
773,163.0733086,57.6414280984
774,173.30549539999998,57.023998668
775,178.0291334,54.9186060408
776,180.27777,55.6730656144
777,164.92560360000002,54.183605564
778,169.92869240000002,60.284554041599996
779,175.7629962,60.26817937039999
780,173.77384600000002,56.4035301712
781,168.443402,59.973843521599996
782,183.2220618,64.774751968
783,166.9951702,58.78779116
784,177.7155958,58.3013590992
785,165.38999180000002,51.2522219048
786,171.2796676,55.374284564
787,168.650539,53.703478432
788,170.6567326,59.0258816008
789,171.9223638,50.6582431808
790,172.1477126,64.5212847584
791,161.6185998,55.6126018008
792,168.77538,55.7100787216
793,182.685182,54.0283863816
794,172.5222356,63.245920132
795,172.74903220000002,64.1085613976
796,172.1237096,54.334424904
797,175.7626914,61.836382992
798,170.1827686,53.709783360799996
799,170.42533860000003,62.455989664
800,177.4226576,58.548748176000004
801,171.2666628,56.002373406400004
802,173.000416,52.3586235112
803,173.4675982,58.935662152000006
804,176.4074704,61.6686900296
805,175.4687626,57.9751357328
806,180.1305262,63.0952822288
807,163.0823764,49.5382338144
808,180.602001,56.524548516799996
809,183.0964842,61.788755832
810,168.0240226,54.6452261424
811,171.5236092,52.691922912799996
812,170.62668440000002,52.3940944056
813,185.241057,64.40829499120001
814,166.47444480000001,61.455773944799994
815,175.4755698,61.294113756
816,165.83637140000002,49.1010618448
817,174.0775538,56.7569236984
818,181.17317079999998,64.8158927624
819,169.877613,58.1948556976
820,172.4963784,58.181338656
821,170.1860452,46.976935868
822,173.4206336,70.8088409848
823,168.1550104,47.6117832312
824,163.17503560000003,55.173343308
825,171.2909452,59.87713770719999
826,163.8320574,53.7088761768
827,174.99601779999998,61.411730161600005
828,178.63586320000002,63.8037475736
829,163.3662468,50.6527547176
830,170.4658262,58.0746538176
831,172.75063240000003,59.1818265304
832,173.3617818,58.1562550184
833,172.13257420000002,64.7821001584
834,171.3049914,55.8282847968
835,166.9689574,53.4681095432
836,176.8950488,59.3876212208
837,182.69757719999998,58.59206621199999
838,176.261649,65.5796056128
839,170.5538118,52.554756692
840,175.633126,52.8580736624
841,169.9410876,64.4076599624
842,172.30852,59.933292396800006
843,172.9641956,61.353171434400004
844,167.9979622,57.6372096928
845,180.7562044,58.896199648
846,171.5962278,61.01111770719999
847,177.83248659999998,55.0483333528
848,184.31334740000003,64.9310597712
849,169.1696896,56.5965335672
850,174.03577080000002,54.5011653232
851,168.51980519999998,63.2381183496
852,175.3283768,59.7264090856
853,175.5761284,59.452303439999994
854,173.34428119999998,58.9176999088
855,173.956726,55.947851648
856,179.5338294,62.383142788799994
857,178.7136126,62.091573851199996
858,171.7649854,53.7063814208
859,176.393602,52.7273938072
860,172.52914439999998,56.6279221336
861,173.71941379999998,54.875968392800004
862,168.44802479999998,47.6819539136
863,180.9212028,65.9693772184
864,165.84089260000002,49.0746627904
865,167.6472898,59.1383270576
866,171.749085,53.3041813944
867,175.52101040000002,61.6323573104
868,175.25347219999998,57.8386952592
869,175.4512874,68.67373808159999
870,173.58578440000002,51.0199828008
871,182.0721784,71.1029953968
872,174.6926656,62.6908596016
873,168.1020514,49.699395052
874,183.8221368,63.4911773264
875,169.80293700000001,56.5118025816
876,167.0224752,59.1947992616
877,177.018823,68.5279082536
878,168.349041,49.3381997424
879,168.8529008,48.077440778399996
880,174.5465648,65.0587459192
881,173.4627976,52.0466882928
882,171.8740784,56.1427147712
883,181.09907900000002,63.2656060248
884,170.3671726,52.5350707992
885,179.5284192,66.4821629744
886,181.3588956,69.8528504856
887,180.34995679999997,62.4096779208
888,168.350946,57.1202508904
889,172.85672820000002,63.364035488800006
890,162.9751884,57.315204732000005
891,169.8743364,51.6780540744
892,179.1453872,58.858324716000006
893,166.258113,52.70398846
894,175.5478074,63.1079828048
895,172.57321340000001,57.597792548
896,170.721528,57.0778400384
897,171.79848800000002,51.493578208
898,178.037871,55.8994080224
899,163.61039159999999,55.816944996800004
900,177.2335292,58.120103736000004
901,169.1177974,58.0306100344
902,173.100873,50.1073103376
903,168.101391,58.0309275488
904,169.65706480000003,53.5999687376
905,170.600878,58.8419046856
906,172.76836160000002,59.243378964799994
907,170.07425980000002,47.645938708799996
908,174.5080838,55.6239416008
909,176.98864780000002,62.7435216328
910,168.9809422,48.8691402552
911,168.8333174,64.1568235864
912,181.4739322,69.7155481872
913,169.2312592,61.033116919200005
914,162.585781,49.7405812056
915,165.1841248,53.1622978168
916,169.6012864,56.3743642056
917,175.0550728,56.7984727256
918,180.9223204,60.43006635519999
919,180.6024328,55.612284286400005
920,177.3097546,61.173775798399994
921,170.41182579999997,50.5531005552
922,170.89013319999998,53.0003201136
923,182.53946220000003,64.9329194984
924,170.6930038,45.32464989736
925,173.8403432,58.0249401344
926,170.69506120000003,61.986975535999996
927,176.18933520000002,65.9498727624
928,175.365664,57.4618510256
929,167.400224,58.1497232936
930,168.7770564,55.7159754176
931,167.8434286,60.4443545032
932,176.15832179999998,52.9616740752
933,179.91731860000002,65.337886436
934,171.86656,60.1078799576
935,165.88653639999998,56.237787654399995
936,169.33715180000002,51.320442141600005
937,170.0090834,56.223272710399996
938,172.0580252,60.7716664904
939,163.2641388,58.12867662480001
940,169.7594268,55.0151757776
941,167.37909119999998,55.6605918344
942,171.84725600000002,56.8866056512
943,174.4717364,56.6427999512
944,167.8432762,52.884427357599996
945,169.9601376,58.916611288000006
946,176.4891568,56.195059287999996
947,174.2440254,62.440159303200005
948,175.799115,59.366347756
949,171.7888868,64.3967283952
950,166.964487,57.0316643728
951,167.8926538,47.359903593599995
952,171.8384422,53.101335051999996
953,171.69432260000002,59.768411704799995
954,176.7296186,56.9139118896
955,167.8655266,58.7734576528
956,178.00386039999998,59.0147232376
957,165.1242824,59.842619356
958,175.6781856,64.620757484
959,176.8164104,57.8978890152
960,181.5685218,69.5425935576
961,176.46429020000002,57.4977301528
962,175.266858,51.7211906736
963,176.677574,60.7669944928
964,174.33914840000003,57.8723971448
965,170.6946548,57.3729923528
966,167.8333956,54.7780832392
967,168.1058868,57.4464742568
968,179.8517612,60.3616193224
969,170.58132,57.1366709208
970,165.85514200000003,55.0300535952
971,175.85674759999998,58.8682583808
972,175.0255072,58.9918622008
973,183.76341200000002,55.973479596
974,173.4707478,62.2687015272
975,173.602269,57.9488273968
976,171.3604904,60.638582597600006
977,174.9247962,51.676602579999994
978,169.22676339999998,61.514695545600006
979,164.5207022,55.610605996
980,171.97443379999999,53.953498342399996
981,185.39968000000002,60.90393391759999
982,180.2179276,56.3700097224
983,172.6101958,59.2836125752
984,170.71235860000002,56.5537144824
985,168.57875860000001,58.5514243688
986,171.8029584,55.3135485952
987,177.1508776,57.2745628888
988,173.1653128,61.0590170224
989,169.9186594,59.8050165792
990,171.441364,46.9843294176
991,168.9498526,52.79470686
992,169.8836328,56.022921124
993,177.108358,68.19279448399999
994,177.249963,61.3454603704
995,166.1171684,51.0102305728
996,172.7157074,62.3625950712
997,183.5297574,60.2325723984
998,179.8208748,57.1655647312
999,165.57716440000002,64.1193568872
1000,171.989242,61.646101148
1001,177.93070840000001,61.083193476000005
1002,170.9546238,55.3487473344
1003,168.6512502,58.2186239184
1004,177.1303798,59.2551723568
1005,174.5401386,59.74577746400001
1006,162.26629979999998,49.2660786144
1007,173.75761540000002,51.9668107416
1008,172.54857539999998,60.5607008512
1009,179.5697196,61.6268688472
1010,175.1351082,67.1811936056
1011,168.89620779999998,56.0267312968
1012,174.2279726,54.8123294352
1013,168.3116268,52.7375996272
1014,176.7498624,56.1994137712
1015,171.0855354,54.12259744
1016,177.0056658,54.1632846424
1017,173.83876840000002,56.5145241336
1018,173.93851420000001,59.3662116784
1019,166.2547602,53.6172052336
1020,169.69359,49.7298764344
1021,177.9323848,63.6071154416
1022,171.2863732,55.1460824288
1023,169.0193724,44.58928201104
1024,171.00176620000002,53.3502663416
1025,172.65015,61.920025356800004
1026,175.35799319999998,67.57572792719999
1027,171.9441062,56.230212668
1028,176.0349032,60.5979407544
1029,166.1069322,53.1761323728
1030,173.6252052,56.061385725600005
1031,166.03695520000002,53.418350500799995
1032,173.64707460000002,62.2473827032
1033,180.73883080000002,58.6039049632
1034,175.90851279999998,64.59295229439999
1035,169.413936,58.2792238096
1036,175.70571919999998,52.2995204736
1037,173.5215986,54.2182599928
1038,172.2530464,55.2123068608
1039,174.14552419999998,64.7929863664
1040,168.226359,49.9482356232
1041,175.13551460000002,55.381678113599996
1042,172.3837294,56.6168091296
1043,172.8596492,54.1211913048
1044,172.05924439999998,60.081480903199996
1045,177.3844814,60.3420695072
1046,179.54177959999998,72.9752870952
1047,163.941379,54.035054183999996
1048,172.54504480000003,62.829749471999996
1049,172.1431914,56.618804934399996
1050,176.3093248,61.6769000448
1051,172.14121020000002,52.718911636799994
1052,172.211111,63.1400971184
1053,172.6771502,62.587984936
1054,177.74876820000003,65.5478541728
1055,162.1348294,49.5294341296
1056,166.5531848,57.709602976
1057,176.1313978,56.495654706399996
1058,170.90130920000001,52.129514192
1059,174.60849,60.1021646984
1060,175.3390448,56.8755380064
1061,176.8964204,58.2860276896
1062,169.4193208,53.4022479848
1063,172.502322,51.2346225352
1064,163.49596459999998,57.235826132
1065,167.32267779999998,53.883735892800004
1066,170.3686458,56.8980361696
1067,176.137443,56.6740977992
1068,177.3735848,66.0039409288
1069,167.900223,52.972106691200004
1070,175.925607,60.1107375872
1071,173.571535,52.1146817336
1072,176.22563180000003,55.728040964799995
1073,175.58732980000002,59.22922689440001
1074,173.8543132,54.0254380336
1075,168.51736680000002,60.699862876800005
1076,177.883185,58.3219068168
1077,178.2196842,63.0574072968
1078,173.1854296,45.943245059199995
1079,178.1144012,63.937421136
1080,173.811184,61.0601056432
1081,168.7569396,58.94346393440001
1082,182.1866562,63.078317887999994
1083,179.63862980000002,61.325456963200004
1084,172.94915880000002,58.822717743999995
1085,178.1295904,58.576644084
1086,167.7769822,58.5156813192
1087,177.2172986,51.1360116344
1088,173.1217264,57.203530381600004
1089,177.58084879999998,53.6927736608
1090,165.97530940000001,55.7796143752
1091,173.6247734,59.1331107496
1092,163.84485899999999,51.811999792
1093,172.6054714,52.5193311568
1094,174.1835734,62.57419573919999
1095,173.03132779999999,50.912753652
1096,174.6906082,62.249605304
1097,172.53186219999998,56.6726009456
1098,175.636936,61.278510191200006
1099,160.5416906,51.899951280799996
1100,175.88026800000003,55.420913821599996
1101,167.351583,58.683465
1102,172.3437244,58.941921721599996
1103,166.5584172,63.7095818744
1104,169.4388026,54.8382295384
1105,175.69688,58.585489128
1106,175.8592622,62.2054708024
1107,171.6336928,65.8714467056
1108,176.5431572,63.546243395199994
1109,179.3313152,56.29983904
1110,169.01546080000003,61.5467645
1111,175.5519476,57.949099552
1112,177.67553999999998,65.33879362
1113,171.96681379999998,59.8438894136
1114,175.7433112,61.473645469599994
1115,172.223938,68.6547325768
1116,171.76831280000002,56.5662336216
1117,178.7372092,61.359204208
1118,180.405913,61.9329073696
1119,177.406808,62.540267057600005
1120,170.39940520000002,51.8032001072
1121,174.29513020000002,64.22155116479999
1122,163.50678499999998,50.3926650648
1123,167.4754842,57.328041385599995
1124,165.71683900000002,60.27716049199999
1125,179.10761739999998,65.6757671168
1126,169.1926766,49.1629771528
1127,170.5202076,56.3065522016
1128,169.6119036,58.7157607504
1129,171.942379,59.5720063688
1130,172.2833486,50.639509831199994
1131,169.2466516,50.6400087824
1132,171.76061660000002,63.6470315376
1133,176.9566692,56.9387687312
1134,159.3859906,51.93174808
1135,163.9285012,51.708580816
1136,172.7689966,53.1578526152
1137,168.6191954,62.7388496352
1138,178.27558960000002,55.5065973504
1139,164.20084,60.301926615199996
1140,171.4200026,56.265774280799995
1141,182.9258978,65.3894144872
1142,169.19844240000003,52.3708704952
1143,167.1777962,52.8521769664
1144,180.751099,63.3277481288
1145,174.0402158,60.4349651488
1146,165.0006352,54.442379800000005
1147,169.88200719999998,55.84221007119999
1148,178.696874,60.2579735504
1149,172.0022976,54.8555567528
1150,167.72465820000002,58.8627245584
1151,175.21580400000002,62.1020971856
1152,174.2500198,59.475436632000005
1153,169.775632,60.547274528
1154,172.81293860000002,61.864097463200004
1155,164.58148440000002,59.62734459280001
1156,179.2002004,57.2426753712
1157,173.4354164,52.183945232
1158,174.6903796,59.1111115376
1159,170.41660099999999,59.7359798768
1160,178.1632962,61.530616624800004
1161,166.2895582,54.56843301679999
1162,175.31778500000001,58.5787759664
1163,188.59243460000002,68.1370933864
1164,162.777805,54.5252056992
1165,171.6526158,59.943543575999996
1166,175.752633,59.93070692239999
1167,163.79482099999998,54.2055594168
1168,174.64755520000003,62.0345573368
1169,173.86767360000002,67.03391228320001
1170,168.76280699999998,66.0426323264
1171,178.246024,56.683668590399996
1172,170.53204399999998,58.015323984
1173,169.9653192,57.1139006024
1174,174.32926780000003,49.7509231032
1175,170.0707038,48.8851066936
1176,177.73271540000002,60.8311777608
1177,169.9912272,61.190014392
1178,174.6592138,63.337953948800006
1179,171.2135768,57.6185670616
1180,166.99522100000002,61.131364946400005
1181,167.3442678,45.34615469408
1182,169.6116242,58.7184823024
1183,170.083988,58.676298246399995
1184,161.2047068,47.0190745648
1185,173.6146896,52.495426858399995
1186,163.6559338,47.5760855408
1187,161.345245,59.423001396800004
1188,169.8293784,58.5455276728
1189,166.4627354,46.515587444800005
1190,182.4305724,60.43011171439999
1191,174.9180652,66.3608724736
1192,179.81185779999998,63.8714235
1193,175.3143306,60.0836127856
1194,171.075858,53.9065515704
1195,168.47667600000003,60.531625604
1196,172.1051168,61.181396144000004
1197,174.3658184,58.8213116088
1198,173.1971136,62.0204506256
1199,181.71104119999998,60.7804661752
1200,174.21755860000002,58.119831580799996
1201,181.2025586,59.0795415344
1202,170.6564278,59.100043892799995
1203,171.95883819999997,58.20528831359999
1204,162.89141920000003,60.80405295919999
1205,177.5482098,63.766326233600005
1206,169.4699176,52.2508954112
1207,176.157128,61.617978444
1208,177.0580152,64.79598007359999
1209,172.053377,64.90588541519999
1210,173.1487266,52.141262224799995
1211,182.7453038,67.7784835512
1212,171.1320174,59.8994544336
1213,165.9645906,57.614076500799996
1214,166.71970720000002,46.883949508
1215,175.04559859999998,56.8448751872
1216,166.23210340000003,59.258302141600005
1217,173.0178404,56.4115133904
1218,176.5880136,63.7758970248
1219,176.28113079999997,56.349280568
1220,177.8203962,60.3114974064
1221,174.23935179999998,59.06071746640001
1222,164.5033032,48.3638387672
1223,171.521247,49.4364477696
1224,169.4681396,49.8712157016
1225,172.5881232,56.410061896
1226,175.50592279999998,59.64830054320001
1227,177.9199896,62.3355156288
1228,172.5192638,52.6270138976
1229,172.698029,53.4812637112
1230,175.0573842,52.945934432799994
1231,169.5487846,52.3732291736
1232,172.90166080000003,58.9548944528
1233,174.6494094,67.5456547776
1234,180.16341920000002,57.1896958256
1235,173.47877420000003,52.3876987584
1236,175.9030264,72.0228346136
1237,173.71890580000002,64.0500933888
1238,173.9393778,58.893478095999996
1239,176.4610644,62.173038974399994
1240,168.47827619999998,55.9019481376
1241,169.89244660000003,53.5080256392
1242,165.61031139999997,46.4930892816
1243,173.6667342,59.2544466096
1244,170.4492654,65.5995636608
1245,159.1117468,45.4491019344
1246,175.4354124,54.5642599704
1247,180.7394658,65.4582243936
1248,175.0904296,52.108875755999996
1249,172.9914244,64.19814581760001
1250,163.722431,52.0253241096
1251,167.5570944,55.184320234400005
1252,174.5751652,54.1244571672
1253,179.1605256,61.32835995199999
1254,171.2140594,52.5898647128
1255,167.9272486,55.8945092288
1256,176.4647982,60.355813344800005
1257,180.2250904,61.8446383664
1258,166.540561,56.3089562392
1259,166.3507722,52.750209484799996
1260,174.98928680000003,60.403440504799995
1261,171.697777,62.568934072
1262,168.07789599999998,60.4716607416
1263,174.5074234,51.8101400648
1264,166.3103354,62.4376645472
1265,172.0241416,59.6643577
1266,177.8559308,62.24284678320001
1267,177.0915178,61.29529309520001
1268,172.49023160000002,51.675786114400005
1269,166.6571724,60.140992173600004
1270,181.3720274,60.5886874776
1271,168.3472122,48.434236245600005
1272,165.170104,43.17500029871999
1273,166.8506188,51.830823859999995
1274,169.81787219999998,57.3704975968
1275,173.3042,57.4740526504
1276,167.9457144,50.307707283199996
1277,181.16781139999998,60.04097513759999
1278,178.32704999999999,60.6531429008
1279,180.4319226,65.3229179
1280,173.1906112,58.92604600159999
1281,175.239553,48.3391633624
1282,172.611923,55.312505333599994
1283,176.5292634,53.5974739816
1284,170.49846520000003,48.3864276488
1285,172.10222120000003,58.26117084799999
1286,171.9061332,57.814609524000005
1287,164.38839360000003,46.68822456
1288,177.1109742,57.9826200008
1289,173.9959436,63.4061741856
1290,179.2337284,60.455331429599994
1291,169.131361,54.5648042808
1292,162.0571308,46.4499526824
1293,168.62643440000002,60.8745865152
1294,169.64533,55.1025375968
1295,170.1546762,49.1046905808
1296,184.4547492,66.1549870648
1297,172.2272654,52.1294234736
1298,174.3433902,56.551900114400006
1299,167.1777962,51.536669448
1300,169.10177000000002,57.2728392392
1301,168.6577018,56.2627352144
1302,169.5701968,54.682329968
1303,175.322865,56.437504212
1304,178.43251080000002,59.045249979199994
1305,178.2650232,62.2660706936
1306,171.79312860000002,57.563138119200005
1307,168.74609379999998,53.654717292
1308,171.4641986,54.2866616664
1309,173.2167986,60.93192054399999
1310,168.4602422,54.4475507488
1311,178.65529420000001,63.625939509599995
1312,172.66056400000002,63.23185878
1313,167.82925540000002,47.6764200912
1314,172.7229972,63.6520664088
1315,166.33182380000002,63.3981456072
1316,170.16811280000002,53.745934643199995
1317,177.5290074,55.2611587192
1318,172.8020166,59.12490073439999
1319,177.8251206,62.69612126879999
1320,169.9599598,54.4241000424
1321,181.4347654,64.19574178
1322,163.6366044,58.0936139632
1323,174.32665160000002,55.6393637288
1324,178.17612319999998,61.499863087200005
1325,177.6635512,72.03009208559999
1326,168.6765232,46.809378983200006
1327,165.7898894,55.7615160544
1328,170.2510184,54.133030056
1329,168.48582,63.30883334240001
1330,177.9351788,56.297344284000005
1331,181.592601,60.1228484936
1332,170.4825394,52.648967750400004
1333,184.20372100000003,73.8782073304
1334,174.242603,59.483782724799994
1335,169.4739308,56.642074204
1336,173.56234020000002,56.126566896
1337,168.98122160000003,53.982664308
1338,177.3133614,61.4438444752
1339,178.278917,63.346980429599995
1340,171.97440840000002,54.5874838808
1341,169.50822079999998,51.2742211168
1342,173.67476059999998,52.461543536
1343,173.0758032,58.344722494399996
1344,165.9450326,43.7824461692
1345,173.4219036,55.641903844
1346,175.71128180000002,58.693353305600006
1347,168.8571426,58.441791182399996
1348,168.3443674,60.36642739759999
1349,172.2173594,59.0235682816
1350,184.57197019999998,63.009326544800004
1351,179.37761940000001,63.015359318399994
1352,171.32632740000003,48.039248332
1353,174.038895,61.4341829656
1354,183.0286662,66.81995293680001
1355,164.3753888,49.334298851199996
1356,168.8859716,58.496358300000004
1357,182.664354,67.0348648264
1358,173.68347280000003,58.319049187199994
1359,176.3828832,57.800548172
1360,166.8218152,58.47358798159999
1361,172.6677776,55.956061663199996
1362,173.1950308,55.3609489592
1363,172.6378564,72.4224945248
1364,171.94321720000002,55.1124259024
1365,169.8174658,56.4126020112
1366,174.0007442,59.2213343936
1367,168.8310568,53.4232039352
1368,179.1616686,66.7448381016
1369,174.2481402,58.35515511039999
1370,170.5282848,52.4739719568
1371,162.11737960000002,47.219834384
1372,171.1810902,55.5380766352
1373,181.135274,56.5235052552
1374,172.6692762,45.5446737688
1375,172.22139800000002,59.785149249599996
1376,180.48183360000002,61.124923939999995
1377,179.52339,67.3818173472
1378,176.41453159999998,68.648200852
1379,172.09526160000001,55.0675202944
1380,168.59907859999998,60.1979179696
1381,169.9490378,53.5802374856
1382,171.0949588,54.617919904000004
1383,177.8903986,64.1586833136
1384,188.45499519999998,58.540447442399994
1385,173.8424768,58.654934063199995
1386,174.916211,67.39088918719999
1387,168.7035996,50.946999848
1388,174.198661,59.0092347744
1389,175.2988366,55.8694709504
1390,162.88390080000002,45.069164203359996
1391,184.3741296,63.1129723168
1392,176.62766299999998,59.8637567432
1393,176.07927700000002,57.92483238
1394,170.84337180000003,62.0717518808
1395,174.77460599999998,57.375577827200004
1396,167.2166582,50.4324904424
1397,175.6316274,58.298138595999994
1398,169.5814744,55.8561807048
1399,172.9959964,64.126115408
1400,168.97550660000002,57.614257937599994
1401,169.4755818,53.547125269599995
1402,169.3379138,52.3234701312
1403,167.99072320000002,62.109218580000004
1404,172.8258926,57.410459052
1405,171.12061280000003,58.611343872000006
1406,173.6833458,64.4869024848
1407,174.35222940000003,61.950688176
1408,170.3468018,55.320987504
1409,176.00223880000001,66.6350688376
1410,177.7396496,64.708073944
1411,173.65126560000002,63.60684328639999
1412,173.248066,49.8224545616
1413,171.06452960000001,61.1857506272
1414,167.4211536,57.8813329072
1415,171.13524320000002,49.428782064800004
1416,179.76529960000002,62.7900148128
1417,185.03112600000003,68.6969166328
1418,164.98780820000002,58.9685929312
1419,174.4348556,51.296583202399994
1420,174.5881192,58.5797738688
1421,171.0301634,60.414780304800004
1422,169.3861484,56.638218672
1423,167.2632672,55.103036548
1424,179.87218280000002,62.5335992552
1425,165.3429256,57.0761163888
1426,179.3730474,61.3845600008
1427,172.61918740000002,48.7126510152
1428,179.5475962,65.40411086799999
1429,168.5059622,45.6309469672
1430,182.8315368,59.0450231832
1431,178.2397756,63.910568489599996
1432,179.40474659999998,65.16910485279999
1433,164.7817126,40.95633667728
1434,176.84562040000003,59.155109961600004
1435,165.5421378,56.1888904368
1436,175.5040432,69.88750491440001
1437,182.422165,62.366541321599996
1438,174.3990416,64.3272381008
1439,170.634533,57.5336546392
1440,172.7265278,59.853505563999995
1441,179.7594576,54.875696237599996
1442,174.81712560000003,54.3319755072
1443,177.9156716,57.9451079424
1444,175.1416106,60.893319864800006
1445,163.610417,49.225391412
1446,162.1244916,56.7267144712
1447,173.623986,55.8007517624
1448,175.9081064,58.9152958712
1449,186.3879686,70.2241155376
1450,176.1794546,68.9118738816
1451,179.6282158,61.551028264799996
1452,171.680505,57.6990342824
1453,180.30555760000001,62.539450592
1454,172.05515499999998,56.461816743199996
1455,180.6073858,70.1254139184
1456,182.777765,60.813034080799994
1457,166.983537,53.2806853288
1458,166.7343376,58.2193950248
1459,173.6607652,53.570621335199995
1460,179.08780539999998,57.9798530896
1461,168.7388802,58.92795108799999
1462,169.1710612,59.566653983200005
1463,172.80818879999998,58.12981060480001
1464,177.37795359999998,55.7168372424
1465,173.27989219999998,65.12982378560001
1466,172.162089,48.3384376152
1467,170.661076,56.6743699544
1468,168.0721302,51.5625695512
1469,167.603297,47.8534116896
1470,178.75143319999998,56.8715463968
1471,170.13610880000002,54.4382521128
1472,175.441229,61.258189269599995
1473,163.5703612,50.8250289592
1474,178.5627874,57.444932044
1475,173.9058244,57.486934663199996
1476,172.90508979999998,62.9061343648
1477,176.9177818,65.020598832
1478,172.34194639999998,56.5519454736
1479,174.782353,54.0751517168
1480,174.9575622,58.747512190399995
1481,181.080156,64.0533592512
1482,164.9430788,56.6674299968
1483,163.56566220000002,53.3848754112
1484,171.73425139999998,58.112846264
1485,166.02534740000002,56.928971144
1486,174.1726768,63.46273710799999
1487,176.860581,60.1268854624
1488,164.24137839999997,58.7507326936
1489,180.797327,63.226415676
1490,166.867586,55.207589504
1491,167.7750772,55.6832714344
1492,170.3050696,53.2528801392
1493,173.80054140000001,61.649775243200004
1494,174.0993724,56.171926096
1495,167.5245316,46.6504857056
1496,170.06054379999998,54.126271535200004
1497,164.8892816,47.3677507352
1498,169.1500808,58.62114145919999
1499,173.1697324,62.699840723200005
1500,176.71542,62.8887617912
1501,182.01330119999997,59.1538852632
1502,165.272085,56.4412236664
1503,169.81228420000002,58.0149157512
1504,172.3228964,56.8206987336
1505,175.84033920000002,54.960472582399994
1506,177.1690386,58.124957170399995
1507,171.4186056,55.108706448
1508,173.03661100000002,58.68328356319999
1509,173.99525780000002,57.822320588
1510,171.4547752,51.3196710352
1511,174.84117940000002,60.1377716704
1512,166.138733,50.1555271672
1513,173.51184500000002,63.13728484799999
1514,174.7116394,58.403145144
1515,166.1153396,60.31476326879999
1516,169.55516,56.705939957599995
1517,166.0520428,43.45734771096
1518,179.4520922,69.3580269728
1519,180.27990359999998,54.983061464
1520,169.567733,57.809393216
1521,168.3221678,54.5559592368
1522,171.0480196,57.830485244
1523,171.1729622,50.360505392
1524,180.4456132,69.6466475624
1525,161.904172,50.322176868
1526,169.97563159999999,54.9284943464
1527,167.2578824,56.0225128912
1528,170.2745642,52.781325896
1529,172.5350118,61.2069787328
1530,169.4876468,51.6392265992
1531,168.5212784,51.279981735199996
1532,168.98658100000003,57.864368566399996
1533,174.2681554,56.767310955199996
1534,167.9246832,52.366878885599995
1535,170.20903220000002,63.0224807128
1536,178.96238019999998,60.460184864
1537,165.932358,59.1973393768
1538,170.89658480000003,51.826424017600004
1539,178.7537192,62.421834186400005
1540,172.8370432,51.9461723056
1541,178.7357106,63.2708223328
1542,173.68746059999998,56.5611987504
1543,172.1828408,58.98737163999999
1544,177.23883780000003,64.311180944
1545,176.77417020000001,56.9056565152
1546,172.67072399999998,54.0589131232
1547,167.2401024,48.5507186712
1548,170.1608738,56.8618848872
1549,161.4110056,52.506222348
1550,181.63395219999998,58.422014571199995
1551,177.64996219999998,58.683328922399994
1552,180.8741366,66.071117904
1553,181.7695374,56.0667834704
1554,165.8914386,56.530173057599995
1555,165.5696714,55.675651088799995
1556,165.74218820000002,54.5622188064
1557,171.36353839999998,58.345312164
1558,170.8766204,50.5878003432
1559,165.0333504,53.407600370400004
1560,164.1014498,49.652221484
1561,177.12944000000002,60.300747275999996
1562,172.148246,56.330728655200005
1563,176.0354112,62.055649364800004
1564,181.3137852,64.9498838392
1565,166.647241,53.206432318400005
1566,168.22524140000002,59.337363227199994
1567,168.9939978,62.3424555864
1568,171.49188460000002,58.49976024
1569,172.01705499999997,52.000784782400004
1570,174.1706702,62.808203852000005
1571,168.24472319999998,55.877998479999995
1572,172.0928232,55.3352302928
1573,173.438566,67.7565750576
1574,173.74044500000002,62.237358320000006
1575,167.8795982,62.8974707576
1576,177.890043,53.9007455928
1577,166.2866118,52.9476580824
1578,168.8260022,59.677965459999996
1579,172.3520048,58.7747277104
1580,178.7295384,59.6448986032
1581,172.9608682,56.788992652800005
1582,177.95918179999998,59.8046083464
1583,171.8477894,54.8976047312
1584,175.4761032,55.278576652
1585,173.75967279999998,67.09160918559999
1586,175.58948880000003,59.2531311928
1587,172.6461876,63.4915855592
1588,171.777533,57.4484247024
1589,169.68322679999997,52.9791827264
1590,174.1776552,60.069551433600004
1591,171.332525,59.2614772856
1592,174.336964,60.1622202792
1593,167.4455376,56.4692102928
1594,179.5728946,58.8034854432
1595,172.95779480000002,59.5544523584
1596,176.5425222,55.059038124000004
1597,170.2804062,52.9987325416
1598,175.3829106,65.0611045976
1599,179.4843756,63.548057763200006
1600,172.58217960000002,57.6753114208
1601,174.022258,52.7996056536
1602,174.7845628,66.0401829296
1603,170.5634638,61.71631718959999
1604,173.5929218,57.2546048408
1605,171.1594494,59.416242876
1606,164.81061780000002,59.742829115999996
1607,166.456106,56.7814630256
1608,176.25542600000003,66.69870779520001
1609,168.8309806,49.6004212776
1610,160.67234820000002,54.7747720176
1611,171.7432684,51.0187581024
1612,177.497359,62.800583506399995
1613,178.19885620000002,62.0144632112
1614,179.3521178,61.695043724799994
1615,181.31663,67.4538477568
1616,169.0059866,54.634067779199995
1617,180.4914094,60.5740818152
1618,171.8037712,63.52483385279999
1619,162.164014,58.5174956872
1620,169.653585,54.9264078232
1621,174.27094939999998,57.0026344848
1622,178.840765,53.3737624072
1623,165.6176266,60.762730728
1624,175.47587460000003,55.323709056
1625,173.4738212,61.405198436800006
1626,167.22933279999998,50.633068824800006
1627,170.64515020000002,53.210832160799995
1628,172.4036176,59.760746
1629,171.4924688,59.1264883064
1630,172.6902058,56.5839237096
1631,178.65973920000002,57.8545709792
1632,170.93509120000002,53.7829931096
1633,167.53039900000002,53.8569739648
1634,165.81932799999998,53.178672488000004
1635,182.525289,57.8271740224
1636,170.9945526,58.4950428832
1637,174.0535762,66.9971713312
1638,177.1555258,59.945811535999994
1639,167.0285204,58.813827340799996
1640,170.8430416,64.674508136
1641,171.6833244,55.8809921872
1642,166.4894054,51.990261448
1643,179.266723,60.8574860968
1644,164.93731300000002,58.69380689759999
1645,177.437161,60.3638872824
1646,179.8798536,58.9997093424
1647,173.4848448,63.1786524384
1648,171.57263120000002,59.6709801432
1649,182.6193198,61.3835167392
1650,174.7995234,59.2240559456
1651,174.19187920000002,65.7230767624
1652,167.68358640000002,55.2775333904
1653,170.8342024,50.189501208
1654,179.20843000000002,68.0828437832
1655,168.3880808,56.1810432952
1656,174.1698828,58.2514639792
1657,174.2566238,56.788357624
1658,172.70750320000002,58.8502507784
1659,167.9684474,57.026266628
1660,168.6872928,59.874597592
1661,173.7990428,63.527373968
1662,169.6926502,51.7629211376
1663,172.01822339999998,52.676636862399995
1664,180.315489,53.3909989032
1665,171.6048892,59.55005251600001
1666,175.5821736,51.532813916
1667,172.659929,65.6632933368
1668,168.4029144,64.2307590824
1669,176.0463078,63.5125415096
1670,166.70561020000002,49.180122930399996
1671,168.2072582,53.1842063104
1672,169.53471299999998,57.50185784
1673,176.94280080000001,61.26848580800001
1674,173.2673192,59.8827168888
1675,175.98143620000002,49.536827679199995
1676,176.8947186,57.995774168800004
1677,181.560089,55.3716537304
1678,176.2112554,62.452859879200005
1679,165.58359059999998,57.8746197456
1680,162.6239064,50.6126571848
1681,169.12645880000002,55.0645265872
1682,167.16641700000002,62.9779379784
1683,167.9043632,52.8456452416
1684,174.1527632,62.342773100799995
1685,172.4454514,55.3277006656
1686,181.418865,52.984308316
1687,167.6088088,57.1744551344
1688,180.2280876,52.0398844128
1689,163.5085376,57.4921963304
1690,177.2079768,59.57568046400001
1691,168.82757700000002,54.0194506192
1692,172.1131686,62.534279643199994
1693,180.79029119999998,58.781622308799996
1694,170.97789020000002,58.10740316
1695,178.36339740000003,62.3464018368
1696,175.996219,58.8002195808
1697,168.54876120000003,60.5465034216
1698,175.9622592,56.6042446312
1699,168.59961199999998,51.683542537600005
1700,160.6299048,52.9976439208
1701,175.7225594,62.93684254320001
1702,175.55037280000002,56.9079698344
1703,171.3998096,59.23675652159999
1704,177.1733058,60.9037524808
1705,176.8427502,65.07793286079999
1706,167.52476019999997,64.525276368
1707,174.983775,63.433208268799994
1708,170.78525660000003,60.0962680024
1709,172.0526912,62.8464870168
1710,174.5600522,55.8441151576
1711,165.612953,60.191567681600006
1712,168.36771000000002,48.3596657208
1713,172.76770120000003,61.2311551864
1714,169.9072294,59.38426463999999
1715,172.2072756,55.5598944104
1716,169.30497,61.717768684000006
1717,177.2243852,54.2193939728
1718,173.7981284,53.406148875999996
1719,166.51048740000002,52.423169652800006
1720,173.5966302,47.4913545552
1721,168.303321,56.0908238464
1722,168.6712146,62.835600808799995
1723,174.3554044,59.97651971439999
1724,174.5100904,53.2024407088
1725,172.79922259999998,64.27094733359999
1726,168.2946596,58.7997206296
1727,162.805618,42.869973286480004
1728,170.349926,54.7218831904
1729,167.14492860000001,55.0552733104
1730,172.8493368,60.44870898639999
1731,171.5190372,58.0158682944
1732,168.5515552,55.971529150399995
1733,180.0147784,62.12736226
1734,173.46797919999997,51.7710404344
1735,170.267376,53.562184524
1736,180.1159466,55.2750839936
1737,174.68743320000002,66.0066624808
1738,174.76825599999998,58.507108430399995
1739,169.6933614,50.1096236568
1740,165.1679704,57.5665400592
1741,182.4580806,64.00781861440001
1742,171.224575,62.678703336
1743,174.91329000000002,60.161494532
1744,168.64667820000003,57.69803638
1745,172.46909879999998,66.3405969112
1746,175.36208259999998,64.2520779064
1747,168.3144208,57.3888680728
1748,173.89983,55.135921968
1749,169.87901000000002,52.8844727168
1750,181.2639504,63.06176178
1751,167.8011376,52.7087965352
1752,169.2867836,52.500144215199995
1753,171.017438,52.9858051696
1754,173.242605,62.893887380799995
1755,176.7787422,49.2251192568
1756,171.4708026,60.6337745224
1757,172.729779,58.1013250272
1758,176.56634739999998,58.3630929704
1759,172.7347828,52.366470652800004
1760,171.6876678,56.6998164656
1761,177.26512680000002,61.90696190719999
1762,183.80687139999998,55.3065179192
1763,173.0601822,57.5551095408
1764,172.3079104,54.412669524
1765,174.94552259999998,64.5344842856
1766,167.7447496,58.95752528639999
1767,167.17185260000002,59.493308156800005
1768,175.8381548,58.44991047919999
1769,164.398833,50.776585333599996
1770,173.9541352,60.0495480264
1771,173.4322414,60.9103295648
1772,166.392098,57.9200243048
1773,169.5033694,51.955108068
1774,175.7708956,62.6636894408
1775,181.4732972,63.665265936000004
1776,178.0252726,57.1117233608
1777,176.97323,60.9801373736
1778,182.081805,61.98661266239999
1779,180.5901646,56.0298610816
1780,171.836461,59.12344924
1781,178.8447274,67.96681494959999
1782,173.57440520000003,52.4192234024
1783,164.3969534,49.7436656312
1784,164.09288999999998,49.3881402216
1785,169.9873664,50.9798399088
1786,173.9024462,58.9732649288
1787,170.6826406,62.0543793072
1788,172.1847966,50.4345316064
1789,169.36288199999998,54.1216448968
1790,171.15779840000002,54.4865596608
1791,172.7204572,56.287592056
1792,165.79540120000001,53.4531863664
1793,175.6192068,64.480143964
1794,171.35292120000003,55.4898144464
1795,174.9368358,52.4842684952
1796,172.78007100000002,61.9530922136
1797,178.6614156,54.701607628000005
1798,172.8596492,55.006648248000005
1799,169.2416986,60.59703357040001
1800,168.2440374,57.851577272
1801,179.54307500000002,63.101587157599994
1802,172.5291698,63.686675478400005
1803,172.67638820000002,56.406115645599996
1804,172.31273639999998,62.1288137544
1805,180.01630239999997,62.13298680079999
1806,174.4312234,58.963013749599995
1807,166.7111982,51.5370776808
1808,170.1435764,57.8840544592
1809,176.26749099999998,53.508433872
1810,172.6560682,57.7153635944
1811,175.3222046,56.1733775904
1812,165.2645666,55.0065121704
1813,174.4313504,53.7677977776
1814,171.6294002,52.3527721744
1815,169.848911,59.54079923919999
1816,168.7258246,50.0408137504
1817,173.7915244,58.60989237759999
1818,177.3819922,63.9021316784
1819,168.6190176,54.933075625600004
1820,176.9859554,60.9755107352
1821,167.89600660000002,52.729571048800004
1822,167.19847180000002,53.4335458328
1823,174.5327472,57.35897636
1824,181.3179762,62.190910499199994
1825,177.1206516,69.0265419392
1826,173.6691218,58.339869060000005
1827,165.2385062,51.69701422
1828,163.530153,48.0617918544
1829,175.8285536,60.9197642784
1830,169.36481240000003,60.081208748
1831,175.65850060000002,60.951697155199994
1832,171.531661,66.6250898136
1833,179.6084292,59.5441104608
1834,175.4338376,60.310454144800005
1835,168.5706814,63.7153424928
1836,177.1501664,65.697358096
1837,177.0944134,58.631755512
1838,170.1927,62.612025312
1839,173.7335616,56.9596793224
1840,166.93481979999999,58.728506685599996
1841,178.85478580000003,58.725512978400005
1842,167.85369020000002,47.7153382848
1843,168.5059622,56.8205172968
1844,165.7384036,58.167277303999995
1845,171.5404748,55.9443136304
1846,173.2543398,50.2862523816
1847,171.2351668,51.9175052912
1848,177.362866,62.252553652
1849,168.41457300000002,57.0938971952
1850,175.41684500000002,63.8862105992
1851,176.90091619999998,59.5363993968
1852,179.7195288,63.55731104
1853,171.4859156,62.9863747896
1854,171.4717424,53.239907408
1855,170.94771500000002,49.8941220976
1856,172.13493640000002,58.700338622400004
1857,178.1316732,61.309445165599996
1858,168.354375,49.0504409776
1859,184.10204480000002,66.36259612319999
1860,170.0139856,57.9009734408
1861,170.799379,60.558886483200006
1862,176.0223302,56.6262438432
1863,182.08368460000003,55.9827328728
1864,177.0209566,56.7775167752
1865,173.30059319999998,52.8440576696
1866,179.76075300000002,56.501007092
1867,176.882425,60.2625094704
1868,171.510706,56.3422952512
1869,178.48247260000002,62.425780436800004
1870,171.00859880000002,50.909578508
1871,167.20225639999998,53.48756864
1872,170.8923684,48.5963046672
1873,173.93124980000002,57.9976792552
1874,168.0590746,54.2457023088
1875,180.659659,58.8609555496
1876,171.47778760000003,57.2774658776
1877,172.678471,54.744744227199995
1878,179.73687700000002,66.79124056319999
1879,173.0692754,56.1587265688
1880,177.073306,56.6580406424
1881,175.9714794,58.6302132992
1882,172.0122036,60.424895406400005
1883,181.2485834,61.226664625599994
1884,165.1296926,52.3722766304
1885,169.0949628,51.8093235992
1886,168.17873400000002,57.350902422400004
1887,173.8017098,55.125716147999995
1888,173.3778346,62.295599532800004
1889,182.0222674,59.0348173632
1890,179.6713196,67.74228690960001
1891,174.7898206,59.787417209599994
1892,172.225208,56.4800057824
1893,170.89178420000002,56.28804564799999
1894,190.888112,66.6644615992
1895,178.26697900000002,61.613487883199994
1896,178.0798572,55.0720108552
1897,171.5891666,59.58153180079999
1898,165.599999,61.2942951928
1899,180.5891994,64.07894184
1900,161.0921594,48.2706709704
1901,177.4783852,63.5712363144
1902,170.884342,63.505374756
1903,168.12006,56.6270149496
1904,166.9199354,61.2003562896
1905,172.9594712,61.7311042888
1906,175.5715564,60.602385956
1907,176.40272059999998,51.804288728
1908,170.4256434,65.5176903048
1909,174.005367,57.868360176
1910,173.0770986,51.9495288864
1911,168.9983666,53.968557596800004
1912,170.96221839999998,53.9132193728
1913,168.8182552,51.9093406352
1914,173.3060288,53.1273258736
1915,177.96037560000002,63.2116285768
1916,175.9427774,64.3021544632
1917,178.194716,53.2135537128
1918,167.837104,62.101598234399994
1919,175.1519738,59.38199667999999
1920,169.58886579999998,56.4382299592
1921,177.316638,63.983914315999996
1922,172.5480674,56.8415639656
1923,176.3977676,68.6710618888
1924,180.7002482,53.598381165599996
1925,169.7943772,51.911790032
1926,172.0959474,53.7858507392
1927,179.9131022,58.567118652000005
1928,175.8148122,57.4201205616
1929,173.2425034,60.3491455424
1930,171.0015376,60.329006057600004
1931,171.35883940000002,59.2068648088
1932,171.97509419999997,50.0989642448
1933,174.212758,59.7017336808
1934,178.2579112,64.8086352904
1935,177.42250520000002,62.154033469599995
1936,174.8128584,64.3882008656
1937,174.2047316,56.142624052799995
1938,168.0842714,55.2416542632
1939,173.47181460000002,51.158509797600004
1940,167.6767284,54.891163724799995
1941,178.88521500000002,56.470616428
1942,167.5130762,56.8031447232
1943,170.9040778,54.9709505576
1944,178.3993892,63.5816689304
1945,168.5948876,61.921340773599994
1946,166.9346166,56.365383084
1947,184.6331588,68.10157713279999
1948,166.4425932,48.8920920104
1949,174.5363032,58.4531763416
1950,176.129823,60.428614860799996
1951,171.1513468,57.0485379952
1952,172.84910820000002,59.371790860000004
1953,177.4570492,68.76114526
1954,163.8736118,52.143620903199995
1955,175.78311300000001,63.326795585599996
1956,172.68461779999998,57.9606207888
1957,178.17531040000003,63.2171623992
1958,179.066444,59.378367944000004
1959,169.8436532,61.209972439999994
1960,174.3686632,47.4968430184
1961,172.49518460000002,51.458878420000005
1962,175.879379,52.7750663264
1963,163.7810288,49.6949044912
1964,181.9769538,57.5730264248
1965,177.9179068,66.6311679464
1966,173.0335122,57.5168717352
1967,165.6939282,55.494713239999996
1968,173.41187060000001,58.000854399199994
1969,168.0945076,56.658312797600004
1970,167.2096986,55.7988013168
1971,166.6973806,48.7296607152
1972,180.1559008,50.6423221016
1973,175.9983526,59.2474159336
1974,177.5887736,60.221595472
1975,184.7418454,57.1234260344
1976,173.86056159999998,51.301618073600004
1977,168.893109,55.851191192799995
1978,183.4269382,55.6560559144
1979,176.61950960000001,63.120184429599995
1980,164.58900280000003,55.596227129599995
1981,171.1516516,57.567628680000006
1982,171.839763,59.739245739199994
1983,177.8319278,65.62559984159999
1984,167.791003,60.478328544
1985,165.6346954,49.8082117728
1986,173.7240366,60.3055553512
1987,162.537013,56.0922299816
1988,178.6089138,54.4448291968
1989,178.1850386,55.8536859488
1990,172.76244340000002,55.678191204
1991,172.8748892,57.0743020208
1992,170.1448972,53.1767220424
1993,174.767494,64.7611895672
1994,178.5637018,51.9606872496
1995,166.8298924,50.4268659016
1996,175.962691,64.2765265152
1997,182.0900092,57.413089885599994
1998,170.61413679999998,67.2550837424
1999,175.875061,60.184219491200004
